[{"model": "admin.logentry", "pk": 1, "fields": {"action_time": "2025-01-29T02:38:25.004Z", "user": 1, "content_type": 17, "object_id": "1", "object_repr": "adasfranck - HubSpot CRM", "action_flag": 1, "change_message": "[{\"added\": {}}]"}}, {"model": "admin.logentry", "pk": 2, "fields": {"action_time": "2025-01-29T02:38:35.086Z", "user": 1, "content_type": 17, "object_id": "1", "object_repr": "adasfranck - HubSpot CRM", "action_flag": 2, "change_message": "[{\"changed\": {\"fields\": [\"Enabled\"]}}]"}}, {"model": "admin.logentry", "pk": 3, "fields": {"action_time": "2025-01-29T02:39:05.186Z", "user": 1, "content_type": 17, "object_id": "1", "object_repr": "adasfranck - HubSpot CRM", "action_flag": 3, "change_message": ""}}, {"model": "admin.logentry", "pk": 4, "fields": {"action_time": "2025-01-29T02:52:03.755Z", "user": 1, "content_type": 17, "object_id": "2", "object_repr": "adasfranck - Salesforce", "action_flag": 3, "change_message": ""}}, {"model": "admin.logentry", "pk": 5, "fields": {"action_time": "2025-01-29T02:57:28.475Z", "user": 1, "content_type": 17, "object_id": "3", "object_repr": "adasfranck - Salesforce", "action_flag": 3, "change_message": ""}}, {"model": "admin.logentry", "pk": 6, "fields": {"action_time": "2025-01-31T04:13:02.737Z", "user": 1, "content_type": 10, "object_id": "93", "object_repr": "19 - User - 2025-01-31 04:07:45.354509+00:00", "action_flag": 2, "change_message": "[]"}}, {"model": "admin.logentry", "pk": 7, "fields": {"action_time": "2025-01-31T04:13:08.670Z", "user": 1, "content_type": 10, "object_id": "93", "object_repr": "19 - User - 2025-01-31 04:07:45.354509+00:00", "action_flag": 2, "change_message": "[]"}}, {"model": "admin.logentry", "pk": 8, "fields": {"action_time": "2025-01-31T04:13:20.436Z", "user": 1, "content_type": 10, "object_id": "94", "object_repr": "19 - Assistant - 2025-01-31 04:07:49.038635+00:00", "action_flag": 2, "change_message": "[]"}}, {"model": "admin.logentry", "pk": 9, "fields": {"action_time": "2025-01-31T04:13:25.673Z", "user": 1, "content_type": 10, "object_id": "95", "object_repr": "19 - User - 2025-01-31 04:08:22.832330+00:00", "action_flag": 2, "change_message": "[{\"changed\": {\"fields\": [\"Chat\"]}}]"}}, {"model": "admin.logentry", "pk": 10, "fields": {"action_time": "2025-01-31T04:13:30.915Z", "user": 1, "content_type": 10, "object_id": "97", "object_repr": "19 - User - 2025-01-31 04:09:27.032543+00:00", "action_flag": 2, "change_message": "[{\"changed\": {\"fields\": [\"Chat\"]}}]"}}, {"model": "auth.permission", "pk": 1, "fields": {"name": "Can add log entry", "content_type": 1, "codename": "add_logentry"}}, {"model": "auth.permission", "pk": 2, "fields": {"name": "Can change log entry", "content_type": 1, "codename": "change_logentry"}}, {"model": "auth.permission", "pk": 3, "fields": {"name": "Can delete log entry", "content_type": 1, "codename": "delete_logentry"}}, {"model": "auth.permission", "pk": 4, "fields": {"name": "Can view log entry", "content_type": 1, "codename": "view_logentry"}}, {"model": "auth.permission", "pk": 5, "fields": {"name": "Can add permission", "content_type": 2, "codename": "add_permission"}}, {"model": "auth.permission", "pk": 6, "fields": {"name": "Can change permission", "content_type": 2, "codename": "change_permission"}}, {"model": "auth.permission", "pk": 7, "fields": {"name": "Can delete permission", "content_type": 2, "codename": "delete_permission"}}, {"model": "auth.permission", "pk": 8, "fields": {"name": "Can view permission", "content_type": 2, "codename": "view_permission"}}, {"model": "auth.permission", "pk": 9, "fields": {"name": "Can add group", "content_type": 3, "codename": "add_group"}}, {"model": "auth.permission", "pk": 10, "fields": {"name": "Can change group", "content_type": 3, "codename": "change_group"}}, {"model": "auth.permission", "pk": 11, "fields": {"name": "Can delete group", "content_type": 3, "codename": "delete_group"}}, {"model": "auth.permission", "pk": 12, "fields": {"name": "Can view group", "content_type": 3, "codename": "view_group"}}, {"model": "auth.permission", "pk": 13, "fields": {"name": "Can add content type", "content_type": 4, "codename": "add_contenttype"}}, {"model": "auth.permission", "pk": 14, "fields": {"name": "Can change content type", "content_type": 4, "codename": "change_contenttype"}}, {"model": "auth.permission", "pk": 15, "fields": {"name": "Can delete content type", "content_type": 4, "codename": "delete_contenttype"}}, {"model": "auth.permission", "pk": 16, "fields": {"name": "Can view content type", "content_type": 4, "codename": "view_contenttype"}}, {"model": "auth.permission", "pk": 17, "fields": {"name": "Can add session", "content_type": 5, "codename": "add_session"}}, {"model": "auth.permission", "pk": 18, "fields": {"name": "Can change session", "content_type": 5, "codename": "change_session"}}, {"model": "auth.permission", "pk": 19, "fields": {"name": "Can delete session", "content_type": 5, "codename": "delete_session"}}, {"model": "auth.permission", "pk": 20, "fields": {"name": "Can view session", "content_type": 5, "codename": "view_session"}}, {"model": "auth.permission", "pk": 21, "fields": {"name": "Can add business objective", "content_type": 6, "codename": "add_businessobjective"}}, {"model": "auth.permission", "pk": 22, "fields": {"name": "Can change business objective", "content_type": 6, "codename": "change_businessobjective"}}, {"model": "auth.permission", "pk": 23, "fields": {"name": "Can delete business objective", "content_type": 6, "codename": "delete_businessobjective"}}, {"model": "auth.permission", "pk": 24, "fields": {"name": "Can view business objective", "content_type": 6, "codename": "view_businessobjective"}}, {"model": "auth.permission", "pk": 25, "fields": {"name": "Can add company size", "content_type": 7, "codename": "add_companysize"}}, {"model": "auth.permission", "pk": 26, "fields": {"name": "Can change company size", "content_type": 7, "codename": "change_companysize"}}, {"model": "auth.permission", "pk": 27, "fields": {"name": "Can delete company size", "content_type": 7, "codename": "delete_companysize"}}, {"model": "auth.permission", "pk": 28, "fields": {"name": "Can view company size", "content_type": 7, "codename": "view_companysize"}}, {"model": "auth.permission", "pk": 29, "fields": {"name": "Can add user", "content_type": 8, "codename": "add_customuser"}}, {"model": "auth.permission", "pk": 30, "fields": {"name": "Can change user", "content_type": 8, "codename": "change_customuser"}}, {"model": "auth.permission", "pk": 31, "fields": {"name": "Can delete user", "content_type": 8, "codename": "delete_customuser"}}, {"model": "auth.permission", "pk": 32, "fields": {"name": "Can view user", "content_type": 8, "codename": "view_customuser"}}, {"model": "auth.permission", "pk": 33, "fields": {"name": "Can add chat", "content_type": 9, "codename": "add_chat"}}, {"model": "auth.permission", "pk": 34, "fields": {"name": "Can change chat", "content_type": 9, "codename": "change_chat"}}, {"model": "auth.permission", "pk": 35, "fields": {"name": "Can delete chat", "content_type": 9, "codename": "delete_chat"}}, {"model": "auth.permission", "pk": 36, "fields": {"name": "Can view chat", "content_type": 9, "codename": "view_chat"}}, {"model": "auth.permission", "pk": 37, "fields": {"name": "Can add chat history", "content_type": 10, "codename": "add_chathistory"}}, {"model": "auth.permission", "pk": 38, "fields": {"name": "Can change chat history", "content_type": 10, "codename": "change_chathistory"}}, {"model": "auth.permission", "pk": 39, "fields": {"name": "Can delete chat history", "content_type": 10, "codename": "delete_chathistory"}}, {"model": "auth.permission", "pk": 40, "fields": {"name": "Can view chat history", "content_type": 10, "codename": "view_chathistory"}}, {"model": "auth.permission", "pk": 41, "fields": {"name": "Can add domain", "content_type": 11, "codename": "add_domain"}}, {"model": "auth.permission", "pk": 42, "fields": {"name": "Can change domain", "content_type": 11, "codename": "change_domain"}}, {"model": "auth.permission", "pk": 43, "fields": {"name": "Can delete domain", "content_type": 11, "codename": "delete_domain"}}, {"model": "auth.permission", "pk": 44, "fields": {"name": "Can view domain", "content_type": 11, "codename": "view_domain"}}, {"model": "auth.permission", "pk": 45, "fields": {"name": "Can add integration", "content_type": 12, "codename": "add_integration"}}, {"model": "auth.permission", "pk": 46, "fields": {"name": "Can change integration", "content_type": 12, "codename": "change_integration"}}, {"model": "auth.permission", "pk": 47, "fields": {"name": "Can delete integration", "content_type": 12, "codename": "delete_integration"}}, {"model": "auth.permission", "pk": 48, "fields": {"name": "Can view integration", "content_type": 12, "codename": "view_integration"}}, {"model": "auth.permission", "pk": 49, "fields": {"name": "Can add interaction", "content_type": 13, "codename": "add_interaction"}}, {"model": "auth.permission", "pk": 50, "fields": {"name": "Can change interaction", "content_type": 13, "codename": "change_interaction"}}, {"model": "auth.permission", "pk": 51, "fields": {"name": "Can delete interaction", "content_type": 13, "codename": "delete_interaction"}}, {"model": "auth.permission", "pk": 52, "fields": {"name": "Can view interaction", "content_type": 13, "codename": "view_interaction"}}, {"model": "auth.permission", "pk": 53, "fields": {"name": "Can add prompt", "content_type": 14, "codename": "add_prompt"}}, {"model": "auth.permission", "pk": 54, "fields": {"name": "Can change prompt", "content_type": 14, "codename": "change_prompt"}}, {"model": "auth.permission", "pk": 55, "fields": {"name": "Can delete prompt", "content_type": 14, "codename": "delete_prompt"}}, {"model": "auth.permission", "pk": 56, "fields": {"name": "Can view prompt", "content_type": 14, "codename": "view_prompt"}}, {"model": "auth.permission", "pk": 57, "fields": {"name": "Can add user profile", "content_type": 15, "codename": "add_userprofile"}}, {"model": "auth.permission", "pk": 58, "fields": {"name": "Can change user profile", "content_type": 15, "codename": "change_userprofile"}}, {"model": "auth.permission", "pk": 59, "fields": {"name": "Can delete user profile", "content_type": 15, "codename": "delete_userprofile"}}, {"model": "auth.permission", "pk": 60, "fields": {"name": "Can view user profile", "content_type": 15, "codename": "view_userprofile"}}, {"model": "auth.permission", "pk": 61, "fields": {"name": "Can add user domain", "content_type": 16, "codename": "add_userdomain"}}, {"model": "auth.permission", "pk": 62, "fields": {"name": "Can change user domain", "content_type": 16, "codename": "change_userdomain"}}, {"model": "auth.permission", "pk": 63, "fields": {"name": "Can delete user domain", "content_type": 16, "codename": "delete_userdomain"}}, {"model": "auth.permission", "pk": 64, "fields": {"name": "Can view user domain", "content_type": 16, "codename": "view_userdomain"}}, {"model": "auth.permission", "pk": 65, "fields": {"name": "Can add user integration", "content_type": 17, "codename": "add_userintegration"}}, {"model": "auth.permission", "pk": 66, "fields": {"name": "Can change user integration", "content_type": 17, "codename": "change_userintegration"}}, {"model": "auth.permission", "pk": 67, "fields": {"name": "Can delete user integration", "content_type": 17, "codename": "delete_userintegration"}}, {"model": "auth.permission", "pk": 68, "fields": {"name": "Can view user integration", "content_type": 17, "codename": "view_userintegration"}}, {"model": "contenttypes.contenttype", "pk": 1, "fields": {"app_label": "admin", "model": "logentry"}}, {"model": "contenttypes.contenttype", "pk": 2, "fields": {"app_label": "auth", "model": "permission"}}, {"model": "contenttypes.contenttype", "pk": 3, "fields": {"app_label": "auth", "model": "group"}}, {"model": "contenttypes.contenttype", "pk": 4, "fields": {"app_label": "contenttypes", "model": "contenttype"}}, {"model": "contenttypes.contenttype", "pk": 5, "fields": {"app_label": "sessions", "model": "session"}}, {"model": "contenttypes.contenttype", "pk": 6, "fields": {"app_label": "alyawebapp", "model": "businessobjective"}}, {"model": "contenttypes.contenttype", "pk": 7, "fields": {"app_label": "alyawebapp", "model": "companysize"}}, {"model": "contenttypes.contenttype", "pk": 8, "fields": {"app_label": "alyawebapp", "model": "customuser"}}, {"model": "contenttypes.contenttype", "pk": 9, "fields": {"app_label": "alyawebapp", "model": "chat"}}, {"model": "contenttypes.contenttype", "pk": 10, "fields": {"app_label": "alyawebapp", "model": "chathistory"}}, {"model": "contenttypes.contenttype", "pk": 11, "fields": {"app_label": "alyawebapp", "model": "domain"}}, {"model": "contenttypes.contenttype", "pk": 12, "fields": {"app_label": "alyawebapp", "model": "integration"}}, {"model": "contenttypes.contenttype", "pk": 13, "fields": {"app_label": "alyawebapp", "model": "interaction"}}, {"model": "contenttypes.contenttype", "pk": 14, "fields": {"app_label": "alyawebapp", "model": "prompt"}}, {"model": "contenttypes.contenttype", "pk": 15, "fields": {"app_label": "alyawebapp", "model": "userprofile"}}, {"model": "contenttypes.contenttype", "pk": 16, "fields": {"app_label": "alyawebapp", "model": "userdomain"}}, {"model": "contenttypes.contenttype", "pk": 17, "fields": {"app_label": "alyawebapp", "model": "userintegration"}}, {"model": "sessions.session", "pk": "0ihjdcc3w59daf8xazinpay95530u4it", "fields": {"session_data": ".eJxVjMEOwiAQRP-FsyGFbql49O43kF12kaopSWlPxn-XJj3oYS7z3sxbBdzWHLYqS5hYXZRVp9-OMD5l3gE_cL4XHcu8LhPpXdEHrfpWWF7Xw_07yFhzW3tDyCMk34kM_ZAceAJhTEbEUkRnvTTFIZjkztw7BzC2eO4Yoif1-QIDjThv:1te063:eKH6N24i4E3WGkjVSKoSDO8n5EQDZMHeZ-mnHNvOj7E", "expire_date": "2025-02-01T23:06:47.990Z"}}, {"model": "sessions.session", "pk": "5jbnt2ypafzgiuom0gk9tua7hogfpnwl", "fields": {"session_data": ".eJxVjMsOwiAQRf-FtSE8Bigu3fsNZIBBqgaS0q6M_65NutDtPefcFwu4rTVsg5YwZ3Zmkp1-t4jpQW0H-Y7t1nnqbV3myHeFH3Twa8_0vBzu30HFUb-11sKr6GR2CkQsJRX0rlBGiJM0Eqwn8B4simIBBNKkIBtrilWCUAN7fwDarjd2:1tdPQ7:fJn6d0QiRHRejAVBklcgWU0lT_bkFi7k08LaeDjNIqg", "expire_date": "2025-01-31T07:57:03.128Z"}}, {"model": "sessions.session", "pk": "65gsjhmh59u13l6vh7j3rhioon7qizdm", "fields": {"session_data": ".eJxVjMEOwiAQRP-FsyGFbql49O43kF12kaopSWlPxn-XJj3oYS7z3sxbBdzWHLYqS5hYXZRVp9-OMD5l3gE_cL4XHcu8LhPpXdEHrfpWWF7Xw_07yFhzW3tDyCMk34kM_ZAceAJhTEbEUkRnvTTFIZjkztw7BzC2eO4Yoif1-QIDjThv:1tdd02:N4IGqngXN0_8XOeQpi3Y8gX5wOujG4p6qIAFboGlQL4", "expire_date": "2025-01-31T22:27:02.018Z"}}, {"model": "sessions.session", "pk": "7n8sd482vgu79c3gn4hb20lfvf13t7oz", "fields": {"session_data": ".eJxVjMsOwiAQRf-FtSE8Bigu3fsNZIBBqgaS0q6M_65NutDtPefcFwu4rTVsg5YwZ3Zmkp1-t4jpQW0H-Y7t1nnqbV3myHeFH3Twa8_0vBzu30HFUb-11sKr6GR2CkQsJRX0rlBGiJM0Eqwn8B4simIBBNKkIBtrilWCUAN7fwDarjd2:1tcxUK:gW9KGyAq3b7HscuOMpGbob_Qz7Qh2fy1k1m-QY0gjCQ", "expire_date": "2025-01-30T02:07:32.583Z"}}, {"model": "sessions.session", "pk": "89usfy7xvk6tirrah0w1pwtzpzg6kw6q", "fields": {"session_data": ".eJxVjMEOwiAQRP-FsyGFbql49O43kF12kaopSWlPxn-XJj3oYS7z3sxbBdzWHLYqS5hYXZRVp9-OMD5l3gE_cL4XHcu8LhPpXdEHrfpWWF7Xw_07yFhzW3tDyCMk34kM_ZAceAJhTEbEUkRnvTTFIZjkztw7BzC2eO4Yoif1-QIDjThv:1td0FS:IoW7agikXm89N-TgJy-wZVgDCtjeC3cJh9OfxWnY21c", "expire_date": "2025-01-30T05:04:22.236Z"}}, {"model": "sessions.session", "pk": "d38af821ey2rm1l0ij1pg3uzrp5y2j8d", "fields": {"session_data": ".eJxVjMEOwiAQRP-FsyGFbql49O43kF12kaopSWlPxn-XJj3oYS7z3sxbBdzWHLYqS5hYXZRVp9-OMD5l3gE_cL4XHcu8LhPpXdEHrfpWWF7Xw_07yFhzW3tDyCMk34kM_ZAceAJhTEbEUkRnvTTFIZjkztw7BzC2eO4Yoif1-QIDjThv:1td0VW:Pe6qVD6lRu65uzo-FqkaytRd41vQc-bH5iQpuy3UKGs", "expire_date": "2025-01-30T05:20:58.984Z"}}, {"model": "sessions.session", "pk": "i3y3h9n5gol1ve19p2f3a3v5b56dsg9k", "fields": {"session_data": ".eJxVjMEOwiAQRP-FsyGFbql49O43kF12kaopSWlPxn-XJj3oYS7z3sxbBdzWHLYqS5hYXZRVp9-OMD5l3gE_cL4XHcu8LhPpXdEHrfpWWF7Xw_07yFhzW3tDyCMk34kM_ZAceAJhTEbEUkRnvTTFIZjkztw7BzC2eO4Yoif1-QIDjThv:1tdRZL:FSKJl_w9DCH-pZgEoe89fosXTfteE0NBCg45AHzvM80", "expire_date": "2025-01-31T10:14:43.714Z"}}, {"model": "sessions.session", "pk": "io7j1n0sfgf73xz9v88jm57bvuf3o9o2", "fields": {"session_data": ".eJxVjMEOwiAQRP-FsyGFbql49O43kF12kaopSWlPxn-XJj3oYS7z3sxbBdzWHLYqS5hYXZRVp9-OMD5l3gE_cL4XHcu8LhPpXdEHrfpWWF7Xw_07yFhzW3tDyCMk34kM_ZAceAJhTEbEUkRnvTTFIZjkztw7BzC2eO4Yoif1-QIDjThv:1td03e:BJue8J9AW6DKZ_fNIOBdIv75ce6NVPYDnm2MbgBzjsQ", "expire_date": "2025-01-30T04:52:10.539Z"}}, {"model": "sessions.session", "pk": "pno03la1ogv30v5r1am6ajyy5hfzo958", "fields": {"session_data": ".eJxVjMEOwiAQRP-FsyGFbql49O43kF12kaopSWlPxn-XJj3oYS7z3sxbBdzWHLYqS5hYXZRVp9-OMD5l3gE_cL4XHcu8LhPpXdEHrfpWWF7Xw_07yFhzW3tDyCMk34kM_ZAceAJhTEbEUkRnvTTFIZjkztw7BzC2eO4Yoif1-QIDjThv:1td07O:bRDp9PZIuz3Jo0GkbjqLyX5L__TXplMxuW5cLAZGKxg", "expire_date": "2025-01-30T04:56:02.143Z"}}, {"model": "sessions.session", "pk": "r1lx5owpl6jp3occgqxc0weiyt94p49m", "fields": {"session_data": ".eJxVjMsOwiAQRf-FtSE8Bigu3fsNZIBBqgaS0q6M_65NutDtPefcFwu4rTVsg5YwZ3Zmkp1-t4jpQW0H-Y7t1nnqbV3myHeFH3Twa8_0vBzu30HFUb-11sKr6GR2CkQsJRX0rlBGiJM0Eqwn8B4simIBBNKkIBtrilWCUAN7fwDarjd2:1te3t5:vB5FgY-fTvgK_xgjHcata6YnAV7ej4SyyzhGQoBThVg", "expire_date": "2025-02-02T03:09:39.671Z"}}, {"model": "sessions.session", "pk": "r1yjoldx736ffxlu0ykapfl2wbga5tr3", "fields": {"session_data": ".eJxVjMEOwiAQRP-FsyGFbql49O43kF12kaopSWlPxn-XJj3oYS7z3sxbBdzWHLYqS5hYXZRVp9-OMD5l3gE_cL4XHcu8LhPpXdEHrfpWWF7Xw_07yFhzW3tDyCMk34kM_ZAceAJhTEbEUkRnvTTFIZjkztw7BzC2eO4Yoif1-QIDjThv:1tczxn:icmum_TSQoELDGkn7JaqIHzwQjcC2u0TzHJjS5GwTOs", "expire_date": "2025-01-30T04:46:07.584Z"}}, {"model": "sessions.session", "pk": "uhagf72s564kyzk84l6ogriuzyenu1jy", "fields": {"session_data": ".eJxVjMEOwiAQRP-FsyGFbql49O43kF12kaopSWlPxn-XJj3oYS7z3sxbBdzWHLYqS5hYXZRVp9-OMD5l3gE_cL4XHcu8LhPpXdEHrfpWWF7Xw_07yFhzW3tDyCMk34kM_ZAceAJhTEbEUkRnvTTFIZjkztw7BzC2eO4Yoif1-QIDjThv:1tdTE7:S3Ft845T5ObsRGAOaKzi8eLOrLEfSiTAtlKb6w1bWKY", "expire_date": "2025-01-31T12:00:55.561Z"}}, {"model": "sessions.session", "pk": "wyq7l4gxjmtq7u54l9n3yi6cq0k63k8y", "fields": {"session_data": ".eJxVjMEOwiAQRP-FsyGFbql49O43kF12kaopSWlPxn-XJj3oYS7z3sxbBdzWHLYqS5hYXZRVp9-OMD5l3gE_cL4XHcu8LhPpXdEHrfpWWF7Xw_07yFhzW3tDyCMk34kM_ZAceAJhTEbEUkRnvTTFIZjkztw7BzC2eO4Yoif1-QIDjThv:1tdRWX:abLFxp4S8JKDdZR59UnidzfiekJFmB4isEYGMUYA740", "expire_date": "2025-01-31T10:11:49.335Z"}}, {"model": "alyawebapp.customuser", "pk": 1, "fields": {"password": "pbkdf2_sha256$870000$cHoLSUGoglYUOwmZ7kIkus$qrhwD3nV4NSIW1/LEHdRkkwdBUe3QoL6EGMZZrlxiTA=", "last_login": "2025-02-01T03:09:39.620Z", "is_superuser": true, "username": "adminalya", "first_name": "", "last_name": "", "email": "admin@alya.com", "is_staff": true, "is_active": true, "date_joined": "2025-01-29T02:06:51.139Z", "is_admin": false, "is_moderator": false, "company_size": null, "groups": [], "user_permissions": []}}, {"model": "alyawebapp.customuser", "pk": 2, "fields": {"password": "pbkdf2_sha256$870000$hLHWkKJkrw9NXqF8q7sFYw$ASdSca0VEVpbU+TnK2jLz5tKjcP1V1Iy+rHRcNg4Hrs=", "last_login": "2025-01-31T23:06:47.947Z", "is_superuser": false, "username": "adasfranck", "first_name": "Franck Benjamin", "last_name": "Adas", "email": "adasfranck@gmail.com", "is_staff": false, "is_active": true, "date_joined": "2025-01-29T02:11:28.562Z", "is_admin": false, "is_moderator": false, "company_size": "XL", "groups": [], "user_permissions": []}}, {"model": "alyawebapp.domain", "pk": 1, "fields": {"name": "RH", "icon": "fas fa-users", "users": []}}, {"model": "alyawebapp.domain", "pk": 2, "fields": {"name": "Marketing", "icon": "fas fa-bullhorn", "users": []}}, {"model": "alyawebapp.domain", "pk": 3, "fields": {"name": "CRM", "icon": "fas fa-address-book", "users": []}}, {"model": "alyawebapp.domain", "pk": 4, "fields": {"name": "Finance", "icon": "fas fa-chart-line", "users": []}}, {"model": "alyawebapp.domain", "pk": 5, "fields": {"name": "Analytics", "icon": "fas fa-chart-bar", "users": []}}, {"model": "alyawebapp.domain", "pk": 6, "fields": {"name": "Support", "icon": "fas fa-headset", "users": []}}, {"model": "alyawebapp.domain", "pk": 7, "fields": {"name": "Legal", "icon": "fas fa-balance-scale", "users": []}}, {"model": "alyawebapp.domain", "pk": 8, "fields": {"name": "Logistique", "icon": "fas fa-truck-moving", "users": []}}, {"model": "alyawebapp.domain", "pk": 9, "fields": {"name": "Projet", "icon": "fas fa-tasks", "users": []}}, {"model": "alyawebapp.businessobjective", "pk": 1, "fields": {"name": "Augmenter les ventes", "description": "", "icon": "fas fa-chart-line"}}, {"model": "alyawebapp.businessobjective", "pk": 2, "fields": {"name": "Réduire les coûts", "description": "", "icon": "fas fa-piggy-bank"}}, {"model": "alyawebapp.businessobjective", "pk": 3, "fields": {"name": "Améliorer la satisfaction client", "description": "", "icon": "fas fa-smile"}}, {"model": "alyawebapp.businessobjective", "pk": 4, "fields": {"name": "Optimiser les processus", "description": "", "icon": "fas fa-cogs"}}, {"model": "alyawebapp.businessobjective", "pk": 5, "fields": {"name": "Développer la marque", "description": "", "icon": "fas fa-bullseye"}}, {"model": "alyawebapp.companysize", "pk": 1, "fields": {"label": "1-10 employés", "value": "XS"}}, {"model": "alyawebapp.companysize", "pk": 2, "fields": {"label": "11-50 employés", "value": "S"}}, {"model": "alyawebapp.companysize", "pk": 3, "fields": {"label": "51-200 employés", "value": "M"}}, {"model": "alyawebapp.companysize", "pk": 4, "fields": {"label": "201-1000 employés", "value": "L"}}, {"model": "alyawebapp.companysize", "pk": 5, "fields": {"label": "1000+ employés", "value": "XL"}}, {"model": "alyawebapp.userprofile", "pk": 1, "fields": {"user": 1, "onboarding_complete": false, "domains": [], "business_objectives": []}}, {"model": "alyawebapp.userprofile", "pk": 2, "fields": {"user": 2, "onboarding_complete": false, "domains": [1, 2, 3, 4, 5, 7, 8], "business_objectives": [1, 2, 3, 4, 5]}}, {"model": "alyawebapp.chat", "pk": 19, "fields": {"user": 2, "created_at": "2025-01-31T04:07:45.072Z", "updated_at": "2025-01-31T04:07:45.072Z"}}, {"model": "alyawebapp.chat", "pk": 20, "fields": {"user": 2, "created_at": "2025-01-31T04:08:22.363Z", "updated_at": "2025-01-31T04:08:22.367Z"}}, {"model": "alyawebapp.chat", "pk": 21, "fields": {"user": 2, "created_at": "2025-01-31T04:09:26.602Z", "updated_at": "2025-01-31T04:09:26.602Z"}}, {"model": "alyawebapp.chat", "pk": 22, "fields": {"user": 2, "created_at": "2025-01-31T04:12:01.336Z", "updated_at": "2025-01-31T04:12:01.336Z"}}, {"model": "alyawebapp.chat", "pk": 23, "fields": {"user": 2, "created_at": "2025-01-31T04:15:47.770Z", "updated_at": "2025-01-31T04:15:47.770Z"}}, {"model": "alyawebapp.chat", "pk": 24, "fields": {"user": 2, "created_at": "2025-01-31T06:44:39.010Z", "updated_at": "2025-01-31T06:44:39.010Z"}}, {"model": "alyawebapp.chat", "pk": 25, "fields": {"user": 2, "created_at": "2025-01-31T07:28:26.772Z", "updated_at": "2025-01-31T07:28:26.772Z"}}, {"model": "alyawebapp.chat", "pk": 26, "fields": {"user": 2, "created_at": "2025-01-31T11:31:50.439Z", "updated_at": "2025-01-31T11:31:50.439Z"}}, {"model": "alyawebapp.chat", "pk": 27, "fields": {"user": 2, "created_at": "2025-01-31T23:15:29.983Z", "updated_at": "2025-01-31T23:15:29.983Z"}}, {"model": "alyawebapp.chat", "pk": 28, "fields": {"user": 2, "created_at": "2025-02-01T02:53:20.233Z", "updated_at": "2025-02-01T02:53:20.233Z"}}, {"model": "alyawebapp.chat", "pk": 29, "fields": {"user": 2, "created_at": "2025-02-01T06:58:12.408Z", "updated_at": "2025-02-01T06:58:12.408Z"}}, {"model": "alyawebapp.chat", "pk": 30, "fields": {"user": 2, "created_at": "2025-02-01T06:58:19.608Z", "updated_at": "2025-02-01T06:58:19.608Z"}}, {"model": "alyawebapp.chat", "pk": 31, "fields": {"user": 2, "created_at": "2025-02-01T06:58:47.892Z", "updated_at": "2025-02-01T06:58:47.892Z"}}, {"model": "alyawebapp.chathistory", "pk": 93, "fields": {"chat": 19, "user": 2, "content": "bonjour", "is_user": true, "created_at": "2025-01-31T04:07:45.354Z"}}, {"model": "alyawebapp.chathistory", "pk": 94, "fields": {"chat": 19, "user": 2, "content": "Bonjour! Comment puis-je vous aider aujourd'hui?", "is_user": false, "created_at": "2025-01-31T04:07:49.038Z"}}, {"model": "alyawebapp.chathistory", "pk": 95, "fields": {"chat": 19, "user": 2, "content": "jaimerai creer un contact", "is_user": true, "created_at": "2025-01-31T04:08:22.832Z"}}, {"model": "alyawebapp.chathistory", "pk": 96, "fields": {"chat": 20, "user": 2, "content": "Bien sûr! Pour créer un nouveau contact, il vous suffit de suivre ces étapes simples :\n1. Ouvrez votre application de gestion de contacts ou votre application de messagerie.\n2. Recherchez l'option \"Ajouter un contact\" ou \"Nouveau contact\" et appuyez dessus.\n3. Remplissez les informations nécessaires telles que le nom, le numéro de téléphone, l'adresse e-mail, etc.\n4. Une fois toutes les informations saisies, enregistrez le contact en appuyant sur le bouton correspondant (généralement un symbole de disquette ou une option \"Enregistrer\").\n\nN'oubliez pas de vérifier que toutes les informations sont correctes avant d'enregistrer le contact. Vous pouvez également ajouter des détails supplémentaires tels que l'adresse, l'anniversaire, l'entreprise, etc., en fonction des fonctionnalités de votre application de gestion de contacts.", "is_user": false, "created_at": "2025-01-31T04:08:27.365Z"}}, {"model": "alyawebapp.chathistory", "pk": 97, "fields": {"chat": 19, "user": 2, "content": "ok", "is_user": true, "created_at": "2025-01-31T04:09:27.032Z"}}, {"model": "alyawebapp.chathistory", "pk": 98, "fields": {"chat": 21, "user": 2, "content": "Bonjour! Comment puis-je t'aider aujourd'hui?", "is_user": false, "created_at": "2025-01-31T04:09:29.292Z"}}, {"model": "alyawebapp.chathistory", "pk": 99, "fields": {"chat": 22, "user": 2, "content": "creer contact hub", "is_user": true, "created_at": "2025-01-31T04:12:01.711Z"}}, {"model": "alyawebapp.chathistory", "pk": 100, "fields": {"chat": 22, "user": 2, "content": "Pour créer un contact dans HubSpot, suivez ces étapes :\n\n1. Connectez-vous à votre compte HubSpot.\n2. Cliquez sur l'onglet \"Contacts\" dans la barre de navigation supérieure.\n3. Cliquez sur le bouton \"Créer un contact\" en haut à droite de la page.\n4. Remplissez les informations du nouveau contact telles que le nom, l'adresse e-mail, le numéro de téléphone, etc.\n5. Enregistrez le contact en cliquant sur le bouton \"Enregistrer\".\n\nUne fois le contact créé, vous pourrez ajouter des détails supplémentaires, suivre son activité et l'inclure dans vos campagnes marketing ou de vente. N'oubliez pas de respecter les règles de confidentialité et de protection des données lors de la collecte et du stockage des informations des contacts.", "is_user": false, "created_at": "2025-01-31T04:12:05.253Z"}}, {"model": "alyawebapp.chathistory", "pk": 101, "fields": {"chat": 23, "user": 2, "content": "j", "is_user": true, "created_at": "2025-01-31T04:15:48.184Z"}}, {"model": "alyawebapp.chathistory", "pk": 102, "fields": {"chat": 23, "user": 2, "content": "Bonjour! Comment puis-je t'aider aujourd'hui?", "is_user": false, "created_at": "2025-01-31T04:15:51.865Z"}}, {"model": "alyawebapp.chathistory", "pk": 103, "fields": {"chat": 23, "user": 2, "content": "u", "is_user": true, "created_at": "2025-01-31T04:15:56.571Z"}}, {"model": "alyawebapp.chathistory", "pk": 104, "fields": {"chat": 23, "user": 2, "content": "Bonjour! Comment puis-je vous aider aujourd'hui?", "is_user": false, "created_at": "2025-01-31T04:15:59.682Z"}}, {"model": "alyawebapp.chathistory", "pk": 105, "fields": {"chat": 23, "user": 2, "content": "crre", "is_user": true, "created_at": "2025-01-31T04:16:21.305Z"}}, {"model": "alyawebapp.chathistory", "pk": 106, "fields": {"chat": 23, "user": 2, "content": "Il semble qu'il y ait une faute de frappe dans votre message. Pouvez-vous reformuler ou poser votre question de manière plus claire pour que je puisse vous aider efficacement ?", "is_user": false, "created_at": "2025-01-31T04:16:23.670Z"}}, {"model": "alyawebapp.chathistory", "pk": 107, "fields": {"chat": 24, "user": 2, "content": "jaiemarie creer un contact hubspot", "is_user": true, "created_at": "2025-01-31T06:44:39.214Z"}}, {"model": "alyawebapp.chathistory", "pk": 108, "fields": {"chat": 24, "user": 2, "content": "Pour créer un contact dans HubSpot, suivez ces étapes simples :\n\n1. Connectez-vous à votre compte HubSpot.\n2. Dans le menu principal, cliquez sur l'onglet \"Contacts\".\n3. Cliquez sur le bouton \"Créer un contact\" en haut à droite de la page.\n4. Remplissez les informations du contact telles que le nom, l'adresse e-mail, le numéro de téléphone, l'entreprise, etc.\n5. Une fois toutes les informations saisies, cliquez sur le bouton \"Enregistrer\".\n\nVotre contact sera alors créé dans HubSpot et vous pourrez ajouter plus de détails ou effectuer des actions spécifiques en fonction des besoins de votre entreprise. N'hésitez pas à explorer les différentes fonctionnalités de gestion des contacts dans HubSpot pour optimiser votre utilisation de la plateforme.", "is_user": false, "created_at": "2025-01-31T06:44:44.255Z"}}, {"model": "alyawebapp.chathistory", "pk": 109, "fields": {"chat": 25, "user": 2, "content": "jaiemarie creer un contact hubspot", "is_user": true, "created_at": "2025-01-31T07:28:26.995Z"}}, {"model": "alyawebapp.chathistory", "pk": 110, "fields": {"chat": 25, "user": 2, "content": "Pour créer un contact dans HubSpot, suivez ces étapes :\n\n1. Connectez-vous à votre compte HubSpot.\n2. Dans le menu principal, cliquez sur l'onglet \"Contacts\".\n3. Cliquez sur le bouton \"Créer un contact\".\n4. Remplissez les informations du contact telles que le nom, l'adresse e-mail, le numéro de téléphone, etc.\n5. Une fois toutes les informations renseignées, cliquez sur le bouton \"Enregistrer\".\n\nVous venez ainsi de créer un nouveau contact dans HubSpot. N'oubliez pas de mettre à jour régulièrement les informations pour maintenir une base de données clients à jour et précise.", "is_user": false, "created_at": "2025-01-31T07:28:31.623Z"}}, {"model": "alyawebapp.chathistory", "pk": 111, "fields": {"chat": 24, "user": 2, "content": "h", "is_user": true, "created_at": "2025-01-31T07:49:13.578Z"}}, {"model": "alyawebapp.chathistory", "pk": 112, "fields": {"chat": 24, "user": 2, "content": "Bonjour! Comment puis-je vous aider aujourd'hui?", "is_user": false, "created_at": "2025-01-31T07:49:17.757Z"}}, {"model": "alyawebapp.chathistory", "pk": 113, "fields": {"chat": 23, "user": 2, "content": "bonjour", "is_user": true, "created_at": "2025-01-31T07:49:28.671Z"}}, {"model": "alyawebapp.chathistory", "pk": 114, "fields": {"chat": 23, "user": 2, "content": "Bonjour! Comment puis-je vous aider aujourd'hui?", "is_user": false, "created_at": "2025-01-31T07:49:30.877Z"}}, {"model": "alyawebapp.chathistory", "pk": 115, "fields": {"chat": 24, "user": 2, "content": "hi", "is_user": true, "created_at": "2025-01-31T07:52:41.437Z"}}, {"model": "alyawebapp.chathistory", "pk": 116, "fields": {"chat": 24, "user": 2, "content": "Hello! How can I assist you today?", "is_user": false, "created_at": "2025-01-31T07:52:44.095Z"}}, {"model": "alyawebapp.chathistory", "pk": 117, "fields": {"chat": 24, "user": 2, "content": "je veux creer un  contact hub spot", "is_user": true, "created_at": "2025-01-31T08:57:29.351Z"}}, {"model": "alyawebapp.chathistory", "pk": 118, "fields": {"chat": 24, "user": 2, "content": "Pour créer un contact dans HubSpot, suivez ces étapes :\n\n1. Connectez-vous à votre compte HubSpot.\n2. Dans le menu principal, cliquez sur l'onglet \"Contacts\".\n3. Cliquez sur le bouton \"Créer un contact\".\n4. Remplissez les informations du contact telles que le nom, prénom, adresse e-mail, numéro de téléphone, etc.\n5. Une fois toutes les informations renseignées, cliquez sur le bouton \"Enregistrer\".\n\nVotre contact sera alors créé dans votre base de données HubSpot et vous pourrez commencer à gérer ses informations et à suivre ses interactions avec votre entreprise. N'oubliez pas de respecter les règles de protection des données personnelles lors de la collecte et du traitement des informations des contacts.", "is_user": false, "created_at": "2025-01-31T08:57:34.647Z"}}, {"model": "alyawebapp.chathistory", "pk": 119, "fields": {"chat": 25, "user": 2, "content": "jaiemarie creer un contact hubspot", "is_user": true, "created_at": "2025-01-31T09:09:57.362Z"}}, {"model": "alyawebapp.chathistory", "pk": 120, "fields": {"chat": 25, "user": 2, "content": "Désolé, une erreur est survenue. Pouvez-vous reformuler votre demande ?", "is_user": false, "created_at": "2025-01-31T09:09:58.252Z"}}, {"model": "alyawebapp.chathistory", "pk": 121, "fields": {"chat": 25, "user": 2, "content": "je veux creer un contact hubspot", "is_user": true, "created_at": "2025-01-31T09:10:15.489Z"}}, {"model": "alyawebapp.chathistory", "pk": 122, "fields": {"chat": 25, "user": 2, "content": "Désolé, une erreur est survenue. Pouvez-vous reformuler votre demande ?", "is_user": false, "created_at": "2025-01-31T09:10:16.484Z"}}, {"model": "alyawebapp.chathistory", "pk": 123, "fields": {"chat": 25, "user": 2, "content": "je veux creer un contact hubspot", "is_user": true, "created_at": "2025-01-31T09:19:15.591Z"}}, {"model": "alyawebapp.chathistory", "pk": 124, "fields": {"chat": 25, "user": 2, "content": "Pour créer un contact dans HubSpot, suivez ces étapes :\n\n1. Connectez-vous à votre compte HubSpot.\n2. Dans le menu principal, cliquez sur l'onglet \"Contacts\".\n3. Cliquez sur le bouton \"Créer un contact\" en haut à droite.\n4. Remplissez les informations du contact telles que le nom, prénom, adresse e-mail, numéro de téléphone, etc.\n5. Enregistrez le contact en cliquant sur le bouton \"Enregistrer\".\n\nUne fois que vous avez enregistré votre contact, vous pourrez ajouter davantage d'informations, suivre son activité, lui attribuer des propriétés personnalisées, le segmenter et l'ajouter à des listes pour mieux l'organiser dans votre base de données clients. N'hésitez pas si vous avez besoin d'aide supplémentaire !", "is_user": false, "created_at": "2025-01-31T09:19:21.880Z"}}, {"model": "alyawebapp.chathistory", "pk": 125, "fields": {"chat": 25, "user": 2, "content": "je veux creer un contact hubspot", "is_user": true, "created_at": "2025-01-31T09:31:48.868Z"}}, {"model": "alyawebapp.chathistory", "pk": 126, "fields": {"chat": 25, "user": 2, "content": "Pour créer un contact dans HubSpot, suivez ces étapes :\n\n1. Connectez-vous à votre compte HubSpot.\n2. Dans le menu principal, cliquez sur l'onglet \"Contacts\".\n3. Cliquez sur le bouton \"Créer un contact\" en haut à droite.\n4. Remplissez les informations du contact telles que le nom, prénom, adresse e-mail, numéro de téléphone, etc.\n5. Enregistrez le contact en cliquant sur le bouton \"Enregistrer\".\n\nUne fois ces étapes terminées, le contact sera créé dans votre compte HubSpot et vous pourrez commencer à interagir avec lui en fonction de ses besoins et de son stade dans le processus de vente. N'hésitez pas à personnaliser les informations du contact pour mieux le suivre et le gérer dans HubSpot.", "is_user": false, "created_at": "2025-01-31T09:31:54.774Z"}}, {"model": "alyawebapp.chathistory", "pk": 127, "fields": {"chat": 25, "user": 2, "content": "je veux creer un contact hubspot", "is_user": true, "created_at": "2025-01-31T09:38:04.691Z"}}, {"model": "alyawebapp.chathistory", "pk": 128, "fields": {"chat": 25, "user": 2, "content": "Utilisation de GPT pour la réponse générale", "is_user": false, "created_at": "2025-01-31T09:38:05.793Z"}}, {"model": "alyawebapp.chathistory", "pk": 129, "fields": {"chat": 25, "user": 2, "content": "je veux creer un contact hubspot", "is_user": true, "created_at": "2025-01-31T09:44:53.768Z"}}, {"model": "alyawebapp.chathistory", "pk": 130, "fields": {"chat": 25, "user": 2, "content": "Pour créer un contact dans HubSpot, suivez ces étapes :\n\n1. Connectez-vous à votre compte HubSpot.\n2. Dans le menu principal, cliquez sur l'onglet \"Contacts\".\n3. Cliquez sur le bouton \"Créer un contact\" en haut à droite de la page.\n4. Remplissez les informations du contact telles que son nom, son adresse e-mail, son numéro de téléphone, etc.\n5. Vous pouvez également ajouter des propriétés personnalisées pour enregistrer des informations spécifiques.\n6. Une fois toutes les informations saisies, cliquez sur le bouton \"Enregistrer\".\n\nVotre contact sera alors créé dans votre base de données HubSpot et vous pourrez commencer à interagir avec lui en utilisant les fonctionnalités de marketing, de vente ou de service client de la plateforme.", "is_user": false, "created_at": "2025-01-31T09:44:58.663Z"}}, {"model": "alyawebapp.chathistory", "pk": 131, "fields": {"chat": 24, "user": 2, "content": "je veux creer un contact hubspot", "is_user": true, "created_at": "2025-01-31T09:49:16.949Z"}}, {"model": "alyawebapp.chathistory", "pk": 132, "fields": {"chat": 24, "user": 2, "content": "Je vais vous aider à créer un contact dans HubSpot. \n\nTout d'abord, s'agit-il d'un contact :\n1. Professionnel (entreprise)\n2. Particulier\n\nVeuillez répondre avec le numéro correspondant.", "is_user": false, "created_at": "2025-01-31T09:49:18.156Z"}}, {"model": "alyawebapp.chathistory", "pk": 133, "fields": {"chat": 24, "user": 2, "content": "2", "is_user": true, "created_at": "2025-01-31T09:49:33.704Z"}}, {"model": "alyawebapp.chathistory", "pk": 134, "fields": {"chat": 24, "user": 2, "content": "Il semble qu'il y ait une petite erreur dans votre message. Pouvez-vous reformuler votre question ou poser une nouvelle question pour que je puisse vous aider de manière appropriée?", "is_user": false, "created_at": "2025-01-31T09:49:38.397Z"}}, {"model": "alyawebapp.chathistory", "pk": 135, "fields": {"chat": 25, "user": 2, "content": "je veux creer un contact hubspot", "is_user": true, "created_at": "2025-01-31T10:43:59.042Z"}}, {"model": "alyawebapp.chathistory", "pk": 136, "fields": {"chat": 25, "user": 2, "content": "Je vais vous aider à créer un contact dans HubSpot. \n\nTout d'abord, s'agit-il d'un contact :\n1. Professionnel (entreprise)\n2. Particulier\n\nVeuillez répondre avec le numéro correspondant.", "is_user": false, "created_at": "2025-01-31T10:43:59.407Z"}}, {"model": "alyawebapp.chathistory", "pk": 137, "fields": {"chat": 25, "user": 2, "content": "2", "is_user": true, "created_at": "2025-01-31T10:44:03.356Z"}}, {"model": "alyawebapp.chathistory", "pk": 138, "fields": {"chat": 25, "user": 2, "content": "Bonjour! Il semble qu'il y ait eu une petite erreur dans votre message. Comment puis-je vous aider aujourd'hui?", "is_user": false, "created_at": "2025-01-31T10:44:05.899Z"}}, {"model": "alyawebapp.chathistory", "pk": 139, "fields": {"chat": 24, "user": 2, "content": "je veux creer un contact hubspot", "is_user": true, "created_at": "2025-01-31T23:33:22.087Z"}}, {"model": "alyawebapp.chathistory", "pk": 140, "fields": {"chat": 24, "user": 2, "content": "Je vais vous aider à créer un contact dans HubSpot. \n\nTout d'abord, s'agit-il d'un contact :\n1. Professionnel (entreprise)\n2. Particulier\n\nVeuillez répondre avec le numéro correspondant.", "is_user": false, "created_at": "2025-01-31T23:33:23.272Z"}}, {"model": "alyawebapp.chathistory", "pk": 141, "fields": {"chat": 24, "user": 2, "content": "2", "is_user": true, "created_at": "2025-01-31T23:33:28.395Z"}}, {"model": "alyawebapp.chathistory", "pk": 142, "fields": {"chat": 24, "user": 2, "content": "Pour créer un contact particulier, j'ai besoin des informations suivantes :\n\n- Nom\n- Prénom\n- Email\n- Numéro de téléphone (optionnel)\n\nVeuillez fournir ces informations dans l'ordre, une par ligne.", "is_user": false, "created_at": "2025-01-31T23:33:29.191Z"}}, {"model": "alyawebapp.chathistory", "pk": 143, "fields": {"chat": 24, "user": 2, "content": "adas franck adasfranck@gmail.com 0709584841", "is_user": true, "created_at": "2025-01-31T23:34:20.563Z"}}, {"model": "alyawebapp.chathistory", "pk": 144, "fields": {"chat": 24, "user": 2, "content": "Je n'ai pas pu traiter toutes les informations. Pouvez-vous les fournir à nouveau, une par ligne ?", "is_user": false, "created_at": "2025-01-31T23:34:21.453Z"}}, {"model": "alyawebapp.chathistory", "pk": 145, "fields": {"chat": 24, "user": 2, "content": "adas", "is_user": true, "created_at": "2025-01-31T23:34:28.957Z"}}, {"model": "alyawebapp.chathistory", "pk": 146, "fields": {"chat": 24, "user": 2, "content": "Je n'ai pas pu traiter toutes les informations. Pouvez-vous les fournir à nouveau, une par ligne ?", "is_user": false, "created_at": "2025-01-31T23:34:29.734Z"}}, {"model": "alyawebapp.chathistory", "pk": 147, "fields": {"chat": 24, "user": 2, "content": "adas franck adasfranck@gmail.com 0709584841", "is_user": true, "created_at": "2025-01-31T23:34:43.170Z"}}, {"model": "alyawebapp.chathistory", "pk": 148, "fields": {"chat": 24, "user": 2, "content": "Je n'ai pas pu traiter toutes les informations. Pouvez-vous les fournir à nouveau, une par ligne ?", "is_user": false, "created_at": "2025-01-31T23:34:43.752Z"}}, {"model": "alyawebapp.chathistory", "pk": 149, "fields": {"chat": 28, "user": 2, "content": "Bonjour jaimeri creer un contact particulier hubspot", "is_user": true, "created_at": "2025-02-01T02:53:20.283Z"}}, {"model": "alyawebapp.chathistory", "pk": 150, "fields": {"chat": 28, "user": 2, "content": "Je vais vous aider à créer un contact dans HubSpot. \n\nTout d'abord, s'agit-il d'un contact :\n1. Professionnel (entreprise)\n2. Particulier\n\nVeuillez répondre avec le numéro correspondant.", "is_user": false, "created_at": "2025-02-01T02:53:21.207Z"}}, {"model": "alyawebapp.chathistory", "pk": 151, "fields": {"chat": 28, "user": 2, "content": "2", "is_user": true, "created_at": "2025-02-01T02:53:41.606Z"}}, {"model": "alyawebapp.chathistory", "pk": 152, "fields": {"chat": 28, "user": 2, "content": "Pour créer un contact particulier, j'ai besoin des informations suivantes :\n\n- Nom\n- Prénom\n- Email\n- Numéro de téléphone (optionnel)\n\nVeuillez fournir ces informations dans l'ordre, une par ligne.", "is_user": false, "created_at": "2025-02-01T02:53:42.049Z"}}, {"model": "alyawebapp.chathistory", "pk": 153, "fields": {"chat": 28, "user": 2, "content": "adas franck adasfranck@gmail.com 0404040404", "is_user": true, "created_at": "2025-02-01T02:54:10.554Z"}}, {"model": "alyawebapp.chathistory", "pk": 154, "fields": {"chat": 28, "user": 2, "content": "Désolé, une erreur est survenue lors de la création du contact. Voulez-vous réessayer ?", "is_user": false, "created_at": "2025-02-01T02:54:10.949Z"}}, {"model": "alyawebapp.chathistory", "pk": 155, "fields": {"chat": 28, "user": 2, "content": "Bonjour jaimeri creer un contact particulier hubspot", "is_user": true, "created_at": "2025-02-01T02:56:47.605Z"}}, {"model": "alyawebapp.chathistory", "pk": 156, "fields": {"chat": 28, "user": 2, "content": "Pour créer un contact particulier, j'ai besoin des informations suivantes :\n\n- Nom\n- Prénom\n- Email\n- Numéro de téléphone (optionnel)\n\nVeuillez fournir ces informations dans l'ordre, une par ligne.", "is_user": false, "created_at": "2025-02-01T02:56:47.981Z"}}, {"model": "alyawebapp.chathistory", "pk": 157, "fields": {"chat": 28, "user": 2, "content": "adas franck adasfranck@gmail.com 0404040404", "is_user": true, "created_at": "2025-02-01T02:56:58.162Z"}}, {"model": "alyawebapp.chathistory", "pk": 158, "fields": {"chat": 28, "user": 2, "content": "Désolé, une erreur est survenue lors de la création du contact. Voulez-vous réessayer ?", "is_user": false, "created_at": "2025-02-01T02:56:58.568Z"}}, {"model": "alyawebapp.chathistory", "pk": 159, "fields": {"chat": 28, "user": 2, "content": "Bonjour jaimeri creer un contact hubspot", "is_user": true, "created_at": "2025-02-01T03:04:06.585Z"}}, {"model": "alyawebapp.chathistory", "pk": 160, "fields": {"chat": 28, "user": 2, "content": "Je vais vous aider à créer un contact dans HubSpot. \n\nTout d'abord, s'agit-il d'un contact :\n1. Professionnel (entreprise)\n2. Particulier\n\nVeuillez répondre avec le numéro correspondant.", "is_user": false, "created_at": "2025-02-01T03:04:06.936Z"}}, {"model": "alyawebapp.chathistory", "pk": 161, "fields": {"chat": 28, "user": 2, "content": "2", "is_user": true, "created_at": "2025-02-01T03:04:12.053Z"}}, {"model": "alyawebapp.chathistory", "pk": 162, "fields": {"chat": 28, "user": 2, "content": "Pour créer un contact particulier, j'ai besoin des informations suivantes :\n\n- Nom\n- Prénom\n- Email\n- Numéro de téléphone (optionnel)\n\nVeuillez fournir ces informations dans l'ordre, une par ligne.", "is_user": false, "created_at": "2025-02-01T03:04:12.987Z"}}, {"model": "alyawebapp.chathistory", "pk": 163, "fields": {"chat": 28, "user": 2, "content": "adas franck adasfranck@gmail.com 0404040404", "is_user": true, "created_at": "2025-02-01T03:04:22.332Z"}}, {"model": "alyawebapp.chathistory", "pk": 164, "fields": {"chat": 28, "user": 2, "content": "Le contact a été créé avec succès dans HubSpot ! Souhaitez-vous créer un autre contact ?", "is_user": false, "created_at": "2025-02-01T03:04:22.685Z"}}, {"model": "alyawebapp.chathistory", "pk": 165, "fields": {"chat": 28, "user": 2, "content": "Bonjour jaimeri creer un contact particulier hubspot", "is_user": true, "created_at": "2025-02-01T03:17:15.846Z"}}, {"model": "alyawebapp.chathistory", "pk": 166, "fields": {"chat": 28, "user": 2, "content": "Pour créer un contact particulier, j'ai besoin des informations suivantes :\n\n- Nom\n- Prénom\n- Email\n- Numéro de téléphone (optionnel)\n\nVeuillez fournir ces informations dans l'ordre, une par ligne.", "is_user": false, "created_at": "2025-02-01T03:17:16.648Z"}}, {"model": "alyawebapp.chathistory", "pk": 167, "fields": {"chat": 28, "user": 2, "content": "adas franck adasfranck@gmail.com 0404040404", "is_user": true, "created_at": "2025-02-01T03:17:25.386Z"}}, {"model": "alyawebapp.chathistory", "pk": 168, "fields": {"chat": 28, "user": 2, "content": "Le token d'accès HubSpot est manquant. Veuillez configurer l'intégration HubSpot dans votre compte.", "is_user": false, "created_at": "2025-02-01T03:17:26.403Z"}}, {"model": "alyawebapp.chathistory", "pk": 169, "fields": {"chat": 28, "user": 2, "content": "adas franck adasfranck@gmail.com 0404040404", "is_user": true, "created_at": "2025-02-01T03:18:08.743Z"}}, {"model": "alyawebapp.chathistory", "pk": 170, "fields": {"chat": 28, "user": 2, "content": "Il semble que tu aies fourni des informations personnelles, mais je ne suis pas en mesure de les traiter ou de les utiliser de quelque manière que ce soit. \nSi tu as des questions ou des préoccupations, n'hésite pas à les partager afin que je puisse t'aider de la meilleure façon possible.", "is_user": false, "created_at": "2025-02-01T03:18:13.859Z"}}, {"model": "alyawebapp.chathistory", "pk": 171, "fields": {"chat": 28, "user": 2, "content": "Bonjour jaimeri creer un contact particulier hubspot", "is_user": true, "created_at": "2025-02-01T03:18:28.256Z"}}, {"model": "alyawebapp.chathistory", "pk": 172, "fields": {"chat": 28, "user": 2, "content": "Pour créer un contact particulier, j'ai besoin des informations suivantes :\n\n- Nom\n- Prénom\n- Email\n- Numéro de téléphone (optionnel)\n\nVeuillez fournir ces informations dans l'ordre, une par ligne.", "is_user": false, "created_at": "2025-02-01T03:18:29.472Z"}}, {"model": "alyawebapp.chathistory", "pk": 173, "fields": {"chat": 28, "user": 2, "content": "adas franck adasfranck@gmail.com 0404040404", "is_user": true, "created_at": "2025-02-01T03:18:37.341Z"}}, {"model": "alyawebapp.chathistory", "pk": 174, "fields": {"chat": 28, "user": 2, "content": "Le token d'accès HubSpot est manquant. Veuillez configurer l'intégration HubSpot dans votre compte.", "is_user": false, "created_at": "2025-02-01T03:18:38.215Z"}}, {"model": "alyawebapp.chathistory", "pk": 175, "fields": {"chat": 28, "user": 2, "content": "Bonjour jaimeri creer un contact particulier hubspot", "is_user": true, "created_at": "2025-02-01T03:27:27.771Z"}}, {"model": "alyawebapp.chathistory", "pk": 176, "fields": {"chat": 28, "user": 2, "content": "Pour créer un contact particulier, j'ai besoin des informations suivantes :\n\n- Nom\n- Prénom\n- Email\n- Numéro de téléphone (optionnel)\n\nVeuillez fournir ces informations dans l'ordre, une par ligne.", "is_user": false, "created_at": "2025-02-01T03:27:28.513Z"}}, {"model": "alyawebapp.chathistory", "pk": 177, "fields": {"chat": 28, "user": 2, "content": "adas franck adasfranck@gmail.com 0404040404", "is_user": true, "created_at": "2025-02-01T03:27:34.444Z"}}, {"model": "alyawebapp.chathistory", "pk": 178, "fields": {"chat": 28, "user": 2, "content": "Le token d'accès HubSpot est manquant. Veuillez configurer l'intégration HubSpot dans votre compte.", "is_user": false, "created_at": "2025-02-01T03:27:35.448Z"}}, {"model": "alyawebapp.chathistory", "pk": 179, "fields": {"chat": 28, "user": 2, "content": "Bonjour jaimeri creer un contact particulier hubspot", "is_user": true, "created_at": "2025-02-01T03:29:58.635Z"}}, {"model": "alyawebapp.chathistory", "pk": 180, "fields": {"chat": 28, "user": 2, "content": "Pour créer un contact particulier, j'ai besoin des informations suivantes :\n\n- Nom\n- Prénom\n- Email\n- Numéro de téléphone (optionnel)\n\nVeuillez fournir ces informations dans l'ordre, une par ligne.", "is_user": false, "created_at": "2025-02-01T03:29:59.444Z"}}, {"model": "alyawebapp.chathistory", "pk": 181, "fields": {"chat": 28, "user": 2, "content": "adas franck adasfranck@gmail.com 0404040404", "is_user": true, "created_at": "2025-02-01T03:30:06.421Z"}}, {"model": "alyawebapp.chathistory", "pk": 182, "fields": {"chat": 28, "user": 2, "content": "Le token d'accès HubSpot est manquant. Veuillez configurer l'intégration HubSpot dans votre compte.", "is_user": false, "created_at": "2025-02-01T03:30:07.117Z"}}, {"model": "alyawebapp.chathistory", "pk": 183, "fields": {"chat": 28, "user": 2, "content": "Bonjour jaimeri creer un contact particulier hubspot", "is_user": true, "created_at": "2025-02-01T03:31:33.965Z"}}, {"model": "alyawebapp.chathistory", "pk": 184, "fields": {"chat": 28, "user": 2, "content": "Pour créer un contact particulier, j'ai besoin des informations suivantes :\n\n- Nom\n- Prénom\n- Email\n- Numéro de téléphone (optionnel)\n\nVeuillez fournir ces informations dans l'ordre, une par ligne.", "is_user": false, "created_at": "2025-02-01T03:31:34.310Z"}}, {"model": "alyawebapp.chathistory", "pk": 185, "fields": {"chat": 28, "user": 2, "content": "adas franck adasfranck@gmail.com 0404040404", "is_user": true, "created_at": "2025-02-01T03:31:39.902Z"}}, {"model": "alyawebapp.chathistory", "pk": 186, "fields": {"chat": 28, "user": 2, "content": "Le contact a été créé avec succès dans HubSpot ! Souhaitez-vous créer un autre contact ?", "is_user": false, "created_at": "2025-02-01T03:31:41.095Z"}}, {"model": "alyawebapp.chathistory", "pk": 187, "fields": {"chat": 28, "user": 2, "content": "oui mais entreprise", "is_user": true, "created_at": "2025-02-01T03:32:03.035Z"}}, {"model": "alyawebapp.chathistory", "pk": 188, "fields": {"chat": 28, "user": 2, "content": "Pouvez-vous préciser votre question ou votre besoin concernant une entreprise ? Je suis là pour vous aider.", "is_user": false, "created_at": "2025-02-01T03:32:05.971Z"}}, {"model": "alyawebapp.chathistory", "pk": 189, "fields": {"chat": 28, "user": 2, "content": "jaimeri creer un contact entreprise hubspot", "is_user": true, "created_at": "2025-02-01T03:32:48.451Z"}}, {"model": "alyawebapp.chathistory", "pk": 190, "fields": {"chat": 28, "user": 2, "content": "Je vais vous aider à créer un contact dans HubSpot. \n\nTout d'abord, s'agit-il d'un contact :\n1. Professionnel (entreprise)\n2. Particulier\n\nVeuillez répondre avec le numéro correspondant.", "is_user": false, "created_at": "2025-02-01T03:32:48.828Z"}}, {"model": "alyawebapp.chathistory", "pk": 191, "fields": {"chat": 28, "user": 2, "content": "1", "is_user": true, "created_at": "2025-02-01T03:32:56.246Z"}}, {"model": "alyawebapp.chathistory", "pk": 192, "fields": {"chat": 28, "user": 2, "content": "Pour créer un contact professionnel, j'ai besoin des informations suivantes :\n\n- Nom de l'entreprise\n- Nom du contact\n- Prénom du contact\n- Email professionnel\n- Numéro de téléphone\n- Poste/Fonction\n- Site web de l'entreprise (optionnel)\n\nVeuillez fournir ces informations dans l'ordre, une par ligne.", "is_user": false, "created_at": "2025-02-01T03:32:56.595Z"}}, {"model": "alyawebapp.chathistory", "pk": 193, "fields": {"chat": 28, "user": 2, "content": "worldpos adas franck asdas@wolrdpos.work 05050505 dirigant", "is_user": true, "created_at": "2025-02-01T03:33:45.055Z"}}, {"model": "alyawebapp.chathistory", "pk": 194, "fields": {"chat": 28, "user": 2, "content": "Erreur lors de la création du contact HubSpot: 'company'", "is_user": false, "created_at": "2025-02-01T03:33:45.445Z"}}, {"model": "alyawebapp.chathistory", "pk": 195, "fields": {"chat": 25, "user": 2, "content": "je veux creer un contact hubspot", "is_user": true, "created_at": "2025-02-01T03:38:07.520Z"}}, {"model": "alyawebapp.chathistory", "pk": 196, "fields": {"chat": 25, "user": 2, "content": "Je vais vous aider à créer un contact dans HubSpot.\n\nTout d'abord, s'agit-il d'un contact :\n1. Professionnel (entreprise)\n2. Particulier\n\nVeuillez répondre avec le numéro correspondant.", "is_user": false, "created_at": "2025-02-01T03:38:07.879Z"}}, {"model": "alyawebapp.chathistory", "pk": 197, "fields": {"chat": 25, "user": 2, "content": "1", "is_user": true, "created_at": "2025-02-01T03:38:11.533Z"}}, {"model": "alyawebapp.chathistory", "pk": 198, "fields": {"chat": 25, "user": 2, "content": "Pour créer un contact professionnel, j'ai besoin des informations suivantes :\n\n- Nom de l'entreprise\n- Nom du contact\n- Prénom du contact\n- Email professionnel\n- Numéro de téléphone\n- Poste/Fonction\n- Site web de l'entreprise (optionnel)\n\nVeuillez fournir ces informations dans l'ordre, une par ligne.", "is_user": false, "created_at": "2025-02-01T03:38:11.896Z"}}, {"model": "alyawebapp.chathistory", "pk": 199, "fields": {"chat": 25, "user": 2, "content": "worldpos adas franck asdas@wolrdpos.work 05050505 dirigant", "is_user": true, "created_at": "2025-02-01T03:38:25.582Z"}}, {"model": "alyawebapp.chathistory", "pk": 200, "fields": {"chat": 25, "user": 2, "content": "Le contact a été créé avec succès dans HubSpot ! Souhaitez-vous créer un autre contact ?", "is_user": false, "created_at": "2025-02-01T03:38:27.412Z"}}, {"model": "alyawebapp.chathistory", "pk": 201, "fields": {"chat": 25, "user": 2, "content": "bonjour je veux modifier le contact hubspot adas franck", "is_user": true, "created_at": "2025-02-01T03:43:22.314Z"}}, {"model": "alyawebapp.chathistory", "pk": 202, "fields": {"chat": 25, "user": 2, "content": "Pour modifier un contact, j'ai besoin de son email. Quel est l'email du contact à modifier ?", "is_user": false, "created_at": "2025-02-01T03:43:22.814Z"}}, {"model": "alyawebapp.chathistory", "pk": 203, "fields": {"chat": 25, "user": 2, "content": "asdas@wolrdpos.work", "is_user": true, "created_at": "2025-02-01T03:43:35.482Z"}}, {"model": "alyawebapp.chathistory", "pk": 204, "fields": {"chat": 25, "user": 2, "content": "Que souhaitez-vous modifier ? Voici les options :\n1. Prénom\n2. Nom\n3. Téléphone\n4. Poste (si contact professionnel)\n5. Site web (si contact professionnel)\n\nRépondez avec le numéro suivi de la nouvelle valeur (ex: \"1 Jean\" pour modifier le prénom)", "is_user": false, "created_at": "2025-02-01T03:43:36.262Z"}}, {"model": "alyawebapp.chathistory", "pk": 205, "fields": {"chat": 25, "user": 2, "content": "1 Pele", "is_user": true, "created_at": "2025-02-01T03:43:59.467Z"}}, {"model": "alyawebapp.chathistory", "pk": 206, "fields": {"chat": 25, "user": 2, "content": "Pele est un ancien footballeur brésilien considéré comme l'un des plus grands joueurs de tous les temps. Il a joué pour l'équipe nationale du Brésil et pour le club de Santos, puis plus tard pour le New York Cosmos aux États-Unis. Pelé est célèbre pour son talent exceptionnel, sa technique, sa vision de jeu et sa capacité à marquer des buts spectaculaires. Il a remporté trois Coupes du monde avec le Brésil en 1958, 1962 et 1970, et a marqué plus de 1000 buts au cours de sa carrière. Pelé est une véritable légende du football mondial.", "is_user": false, "created_at": "2025-02-01T03:44:02.598Z"}}, {"model": "alyawebapp.chathistory", "pk": 207, "fields": {"chat": 25, "user": 2, "content": "bonjour je veux modifier le contact hubspot adas franck", "is_user": true, "created_at": "2025-02-01T03:48:05.516Z"}}, {"model": "alyawebapp.chathistory", "pk": 208, "fields": {"chat": 25, "user": 2, "content": "Pour modifier un contact, j'ai besoin de son email. Quel est l'email du contact à modifier ?", "is_user": false, "created_at": "2025-02-01T03:48:06.405Z"}}, {"model": "alyawebapp.chathistory", "pk": 209, "fields": {"chat": 25, "user": 2, "content": "asdas@wolrdpos.work", "is_user": true, "created_at": "2025-02-01T03:48:16.187Z"}}, {"model": "alyawebapp.chathistory", "pk": 210, "fields": {"chat": 25, "user": 2, "content": "Aucun contact trouvé avec l'email asdas@wolrdpos.work", "is_user": false, "created_at": "2025-02-01T03:48:16.832Z"}}, {"model": "alyawebapp.chathistory", "pk": 211, "fields": {"chat": 25, "user": 2, "content": "creer un contact particulier", "is_user": true, "created_at": "2025-02-01T03:48:44.252Z"}}, {"model": "alyawebapp.chathistory", "pk": 212, "fields": {"chat": 25, "user": 2, "content": "Pour créer un contact particulier, j'ai besoin des informations suivantes :\n\n- Prénom\n- Nom\n- Email\n- Téléphone (optionnel)\n\nPar exemple : Jean Dupont jean.dupont@email.com 0123456789", "is_user": false, "created_at": "2025-02-01T03:48:44.700Z"}}, {"model": "alyawebapp.chathistory", "pk": 213, "fields": {"chat": 25, "user": 2, "content": "Jean themo themo@gef.com 451552266", "is_user": true, "created_at": "2025-02-01T03:49:10.352Z"}}, {"model": "alyawebapp.chathistory", "pk": 214, "fields": {"chat": 25, "user": 2, "content": "Erreur lors de la création du contact HubSpot: {\"status\":\"error\",\"message\":\"The OAuth token used to make this call expired 78 second(s) ago.\",\"correlationId\":\"b20ed3d0-7e93-4aed-937d-d07e5632b2b8\",\"category\":\"EXPIRED_AUTHENTICATION\",\"context\":{\"expire time\":[\"2025-02-01T03:47:53.122Z\"]}}", "is_user": false, "created_at": "2025-02-01T03:49:11.124Z"}}, {"model": "alyawebapp.chathistory", "pk": 215, "fields": {"chat": 28, "user": 2, "content": "bonjour  je veux creer un contact hubsport", "is_user": true, "created_at": "2025-02-01T06:49:55.431Z"}}, {"model": "alyawebapp.chathistory", "pk": 216, "fields": {"chat": 28, "user": 2, "content": "bonjour je veux creer un contact hubsport", "is_user": true, "created_at": "2025-02-01T06:58:12.047Z"}}, {"model": "alyawebapp.chathistory", "pk": 217, "fields": {"chat": 29, "user": 2, "content": "bonjour je veux creer un contact hubsport", "is_user": true, "created_at": "2025-02-01T06:58:12.429Z"}}, {"model": "alyawebapp.chathistory", "pk": 218, "fields": {"chat": 29, "user": 2, "content": "Je vais vous aider à créer un contact dans HubSpot.\n\nTout d'abord, s'agit-il d'un contact :\n1. Professionnel (entreprise)\n2. Particulier\n\nVeuillez répondre avec le numéro correspondant.", "is_user": false, "created_at": "2025-02-01T06:58:12.460Z"}}, {"model": "alyawebapp.chathistory", "pk": 219, "fields": {"chat": 28, "user": 2, "content": "Je vais vous aider à créer un contact dans HubSpot.\n\nTout d'abord, s'agit-il d'un contact :\n1. Professionnel (entreprise)\n2. Particulier\n\nVeuillez répondre avec le numéro correspondant.", "is_user": false, "created_at": "2025-02-01T06:58:12.482Z"}}, {"model": "alyawebapp.chathistory", "pk": 220, "fields": {"chat": 28, "user": 2, "content": "2", "is_user": true, "created_at": "2025-02-01T06:58:19.243Z"}}, {"model": "alyawebapp.chathistory", "pk": 221, "fields": {"chat": 30, "user": 2, "content": "2", "is_user": true, "created_at": "2025-02-01T06:58:19.625Z"}}, {"model": "alyawebapp.chathistory", "pk": 222, "fields": {"chat": 28, "user": 2, "content": "Pour créer un contact particulier, j'ai besoin des informations suivantes :\n\n- Nom\n- Prénom\n- Email\n- Numéro de téléphone (optionnel)\n\nVeuillez fournir ces informations dans l'ordre, une par ligne.", "is_user": false, "created_at": "2025-02-01T06:58:19.674Z"}}, {"model": "alyawebapp.chathistory", "pk": 223, "fields": {"chat": 28, "user": 2, "content": "ad frk asd@wolrdpos.work", "is_user": true, "created_at": "2025-02-01T06:58:47.535Z"}}, {"model": "alyawebapp.chathistory", "pk": 224, "fields": {"chat": 31, "user": 2, "content": "ad frk asd@wolrdpos.work", "is_user": true, "created_at": "2025-02-01T06:58:47.912Z"}}, {"model": "alyawebapp.chathistory", "pk": 225, "fields": {"chat": 28, "user": 2, "content": "L'intégration HubSpot n'est pas correctement configurée. Veuillez vérifier votre configuration.", "is_user": false, "created_at": "2025-02-01T06:58:47.942Z"}}, {"model": "alyawebapp.chathistory", "pk": 226, "fields": {"chat": 31, "user": 2, "content": "bonjour", "is_user": true, "created_at": "2025-02-01T07:01:36.281Z"}}, {"model": "alyawebapp.chathistory", "pk": 227, "fields": {"chat": 31, "user": 2, "content": "Bonjour! Comment puis-je vous aider aujourd'hui?", "is_user": false, "created_at": "2025-02-01T07:01:44.075Z"}}, {"model": "alyawebapp.chathistory", "pk": 228, "fields": {"chat": 31, "user": 2, "content": "je veux creer un compte hubspot oarticulier", "is_user": true, "created_at": "2025-02-01T07:01:57.534Z"}}, {"model": "alyawebapp.chathistory", "pk": 229, "fields": {"chat": 31, "user": 2, "content": "Pour créer un compte particulier sur HubSpot, suivez ces étapes simples :\n\n1. Accédez au site web de HubSpot : https://www.hubspot.com/\n2. Cliquez sur le bouton \"Get HubSpot Free\" ou \"Start for Free\" pour commencer le processus d'inscription.\n3. Remplissez le formulaire d'inscription en fournissant vos informations personnelles telles que votre nom, adresse e-mail, nom de l'entreprise, etc.\n4. Choisissez un mot de passe sécurisé pour votre compte HubSpot.\n5. Une fois que vous avez rempli toutes les informations requises, cliquez sur le bouton \"Create Account\" ou \"Get Started\" pour finaliser la création de votre compte.\n6. Vous recevrez un e-mail de confirmation pour vérifier votre adresse e-mail.\n7. Après avoir confirmé votre adresse e-mail, vous pourrez accéder à votre compte HubSpot et commencer à explorer les fonctionnalités et outils disponibles.\n\nN'oubliez pas de consulter les différents abonnements et options disponibles sur HubSpot pour choisir celui qui correspond le mieux à vos besoins. Si vous avez des questions supplémentaires ou si vous rencontrez des problèmes lors de la création de votre compte, n'hésitez pas à me demander de l'aide.", "is_user": false, "created_at": "2025-02-01T07:02:01.609Z"}}, {"model": "alyawebapp.chathistory", "pk": 230, "fields": {"chat": 31, "user": 2, "content": "créer un compte particulier sur HubSpot", "is_user": true, "created_at": "2025-02-01T07:02:29.028Z"}}, {"model": "alyawebapp.chathistory", "pk": 231, "fields": {"chat": 31, "user": 2, "content": "Pour créer un compte particulier sur HubSpot, suivez les étapes suivantes :\n\n1. Rendez-vous sur le site web de HubSpot : https://www.hubspot.com/\n2. Cliquez sur le bouton \"S'inscrire\" ou \"Get started\" en haut à droite de la page d'accueil.\n3. Sélectionnez l'option \"Particulier\" ou \"Individual\" lorsqu'on vous demande le type de compte que vous souhaitez créer.\n4. Remplissez le formulaire d'inscription en fournissant les informations demandées telles que votre nom, prénom, adresse e-mail, etc.\n5. Créez un mot de passe sécurisé pour votre compte.\n6. Acceptez les conditions générales d'utilisation et la politique de confidentialité de HubSpot.\n7. Validez votre inscription en suivant les instructions qui vous seront envoyées par e-mail.\n\nUne fois votre compte particulier créé, vous pourrez accéder à votre tableau de bord HubSpot et commencer à explorer les fonctionnalités offertes par la plateforme pour gérer vos contacts, automatiser vos campagnes marketing et bien plus encore. N'hésitez pas à explorer les différentes ressources de formation mises à disposition par HubSpot pour tirer le meilleur parti de votre compte.", "is_user": false, "created_at": "2025-02-01T07:02:34.076Z"}}, {"model": "alyawebapp.chathistory", "pk": 232, "fields": {"chat": 31, "user": 2, "content": "créer un compte particulier sur HubSpot", "is_user": true, "created_at": "2025-02-01T07:10:11.802Z"}}, {"model": "alyawebapp.chathistory", "pk": 233, "fields": {"chat": 31, "user": 2, "content": "Pour créer un contact particulier, j'ai besoin des informations suivantes :\n\n- Nom\n- Prénom\n- Email\n- Numéro de téléphone (optionnel)\n\nVeuillez fournir ces informations dans l'ordre, une par ligne.", "is_user": false, "created_at": "2025-02-01T07:10:12.345Z"}}, {"model": "alyawebapp.chathistory", "pk": 234, "fields": {"chat": 31, "user": 2, "content": "ad frk asd@wolrdpos.work", "is_user": true, "created_at": "2025-02-01T07:10:23.217Z"}}, {"model": "alyawebapp.chathistory", "pk": 235, "fields": {"chat": 31, "user": 2, "content": "Erreur lors de la création du contact HubSpot: {\"status\":\"error\",\"message\":\"The OAuth token used to make this call expired 3 hour(s) ago.\",\"correlationId\":\"610e94b6-6fb6-4049-9cc6-ab70732c8424\",\"category\":\"EXPIRED_AUTHENTICATION\",\"context\":{\"expire time\":[\"2025-02-01T03:47:53.122Z\"]}}", "is_user": false, "created_at": "2025-02-01T07:10:23.895Z"}}, {"model": "alyawebapp.chathistory", "pk": 236, "fields": {"chat": 31, "user": 2, "content": "créer un compte particulier sur HubSpot", "is_user": true, "created_at": "2025-02-01T07:15:44.101Z"}}, {"model": "alyawebapp.chathistory", "pk": 237, "fields": {"chat": 31, "user": 2, "content": "Pour créer un contact particulier, j'ai besoin des informations suivantes :\n\n- Nom\n- Prénom\n- Email\n- Numéro de téléphone (optionnel)\n\nVeuillez fournir ces informations dans l'ordre, une par ligne.", "is_user": false, "created_at": "2025-02-01T07:15:44.997Z"}}, {"model": "alyawebapp.chathistory", "pk": 238, "fields": {"chat": 31, "user": 2, "content": "ad frk asd@wolrdpos.work", "is_user": true, "created_at": "2025-02-01T07:15:51.016Z"}}, {"model": "alyawebapp.chathistory", "pk": 239, "fields": {"chat": 31, "user": 2, "content": "Erreur lors de la création du contact HubSpot: {\"status\":\"error\",\"message\":\"The OAuth token used to make this call expired 3 hour(s) ago.\",\"correlationId\":\"768d12e3-e2e8-4974-ab3e-7476de64e96c\",\"category\":\"EXPIRED_AUTHENTICATION\",\"context\":{\"expire time\":[\"2025-02-01T03:47:53.122Z\"]}}", "is_user": false, "created_at": "2025-02-01T07:15:51.793Z"}}, {"model": "alyawebapp.chathistory", "pk": 240, "fields": {"chat": 31, "user": 2, "content": "créer un compte particulier sur HubSpot", "is_user": true, "created_at": "2025-02-01T07:25:58.206Z"}}, {"model": "alyawebapp.chathistory", "pk": 241, "fields": {"chat": 31, "user": 2, "content": "Pour créer un contact particulier, j'ai besoin des informations suivantes :\n\n- Nom\n- Prénom\n- Email\n- Numéro de téléphone (optionnel)\n\nVeuillez fournir ces informations dans l'ordre, une par ligne.", "is_user": false, "created_at": "2025-02-01T07:25:58.616Z"}}, {"model": "alyawebapp.chathistory", "pk": 242, "fields": {"chat": 31, "user": 2, "content": "ad frk asd@wolrdpos.work", "is_user": true, "created_at": "2025-02-01T07:26:05.970Z"}}, {"model": "alyawebapp.chathistory", "pk": 243, "fields": {"chat": 31, "user": 2, "content": "Erreur lors de la création du contact HubSpot: {\"status\":\"error\",\"message\":\"The OAuth token used to make this call expired 3 hour(s) ago.\",\"correlationId\":\"5d9e384f-98a3-4ed8-a7da-eb6964b9cc21\",\"category\":\"EXPIRED_AUTHENTICATION\",\"context\":{\"expire time\":[\"2025-02-01T03:47:53.122Z\"]}}", "is_user": false, "created_at": "2025-02-01T07:26:06.830Z"}}, {"model": "alyawebapp.chathistory", "pk": 244, "fields": {"chat": 30, "user": 2, "content": "créer un compte particulier sur HubSpot", "is_user": true, "created_at": "2025-02-01T07:29:26.298Z"}}, {"model": "alyawebapp.chathistory", "pk": 245, "fields": {"chat": 30, "user": 2, "content": "Pour créer un contact particulier, j'ai besoin des informations suivantes :\n\n- Nom\n- Prénom\n- Email\n- Numéro de téléphone (optionnel)\n\nVeuillez fournir ces informations dans l'ordre, une par ligne.", "is_user": false, "created_at": "2025-02-01T07:29:26.867Z"}}, {"model": "alyawebapp.chathistory", "pk": 246, "fields": {"chat": 30, "user": 2, "content": "ad frk asd@wolrdpos.work", "is_user": true, "created_at": "2025-02-01T07:29:43.004Z"}}, {"model": "alyawebapp.chathistory", "pk": 247, "fields": {"chat": 30, "user": 2, "content": "Erreur lors de la création du contact HubSpot: {\"status\":\"error\",\"message\":\"The OAuth token used to make this call expired 3 hour(s) ago.\",\"correlationId\":\"2e33f3b3-226c-441c-babf-9691022415b2\",\"category\":\"EXPIRED_AUTHENTICATION\",\"context\":{\"expire time\":[\"2025-02-01T03:47:53.122Z\"]}}", "is_user": false, "created_at": "2025-02-01T07:29:44.013Z"}}, {"model": "alyawebapp.chathistory", "pk": 248, "fields": {"chat": 31, "user": 2, "content": "ad frk asd@wolrdpos.work", "is_user": true, "created_at": "2025-02-01T07:31:23.601Z"}}, {"model": "alyawebapp.chathistory", "pk": 249, "fields": {"chat": 31, "user": 2, "content": "Il semble que votre message ne soit pas clair. Pouvez-vous reformuler votre question ou fournir plus de détails pour que je puisse vous aider correctement ?", "is_user": false, "created_at": "2025-02-01T07:31:27.451Z"}}, {"model": "alyawebapp.chathistory", "pk": 250, "fields": {"chat": 31, "user": 2, "content": "créer un compte particulier sur HubSpot", "is_user": true, "created_at": "2025-02-01T07:31:37.253Z"}}, {"model": "alyawebapp.chathistory", "pk": 251, "fields": {"chat": 31, "user": 2, "content": "Pour créer un contact particulier, j'ai besoin des informations suivantes :\n\n- Nom\n- Prénom\n- Email\n- Numéro de téléphone (optionnel)\n\nVeuillez fournir ces informations dans l'ordre, une par ligne.", "is_user": false, "created_at": "2025-02-01T07:31:37.635Z"}}, {"model": "alyawebapp.chathistory", "pk": 252, "fields": {"chat": 31, "user": 2, "content": "ad frk asd@wolrdpos.work", "is_user": true, "created_at": "2025-02-01T07:31:43.452Z"}}, {"model": "alyawebapp.chathistory", "pk": 253, "fields": {"chat": 31, "user": 2, "content": "Erreur lors de la création du contact HubSpot: {\"status\":\"error\",\"message\":\"The OAuth token used to make this call expired 3 hour(s) ago.\",\"correlationId\":\"4be26341-7c47-42a6-8a9d-1f67582fc696\",\"category\":\"EXPIRED_AUTHENTICATION\",\"context\":{\"expire time\":[\"2025-02-01T03:47:53.122Z\"]}}", "is_user": false, "created_at": "2025-02-01T07:31:44.163Z"}}, {"model": "alyawebapp.chathistory", "pk": 254, "fields": {"chat": 31, "user": 2, "content": "créer un compte particulier sur HubSpot", "is_user": true, "created_at": "2025-02-01T07:33:53.053Z"}}, {"model": "alyawebapp.chathistory", "pk": 255, "fields": {"chat": 31, "user": 2, "content": "Pour créer un contact particulier, j'ai besoin des informations suivantes :\n\n- Nom\n- Prénom\n- Email\n- Numéro de téléphone (optionnel)\n\nVeuillez fournir ces informations dans l'ordre, une par ligne.", "is_user": false, "created_at": "2025-02-01T07:33:53.867Z"}}, {"model": "alyawebapp.chathistory", "pk": 256, "fields": {"chat": 31, "user": 2, "content": "ad frk asd@wolrdpos.work", "is_user": true, "created_at": "2025-02-01T07:33:59.120Z"}}, {"model": "alyawebapp.chathistory", "pk": 257, "fields": {"chat": 31, "user": 2, "content": "Erreur lors de la création du contact HubSpot: {\"status\":\"error\",\"message\":\"The OAuth token used to make this call expired 3 hour(s) ago.\",\"correlationId\":\"e737c94b-a7e9-4575-9ba5-afa39ad005af\",\"category\":\"EXPIRED_AUTHENTICATION\",\"context\":{\"expire time\":[\"2025-02-01T03:47:53.122Z\"]}}", "is_user": false, "created_at": "2025-02-01T07:33:59.819Z"}}, {"model": "alyawebapp.chathistory", "pk": 258, "fields": {"chat": 31, "user": 2, "content": "créer un compte particulier sur HubSpot", "is_user": true, "created_at": "2025-02-01T07:35:03.746Z"}}, {"model": "alyawebapp.chathistory", "pk": 259, "fields": {"chat": 31, "user": 2, "content": "Pour créer un contact particulier, j'ai besoin des informations suivantes :\n\n- Nom\n- Prénom\n- Email\n- Numéro de téléphone (optionnel)\n\nVeuillez fournir ces informations dans l'ordre, une par ligne.", "is_user": false, "created_at": "2025-02-01T07:35:04.119Z"}}, {"model": "alyawebapp.chathistory", "pk": 260, "fields": {"chat": 31, "user": 2, "content": "ad frk asd@wolrdpos.work", "is_user": true, "created_at": "2025-02-01T07:35:10.671Z"}}, {"model": "alyawebapp.chathistory", "pk": 261, "fields": {"chat": 31, "user": 2, "content": "Erreur lors de la création du contact HubSpot: {\"status\":\"error\",\"message\":\"The OAuth token used to make this call expired 3 hour(s) ago.\",\"correlationId\":\"1032257c-f1e2-4ef6-9ac5-ff2af6555eef\",\"category\":\"EXPIRED_AUTHENTICATION\",\"context\":{\"expire time\":[\"2025-02-01T03:47:53.122Z\"]}}", "is_user": false, "created_at": "2025-02-01T07:35:11.454Z"}}, {"model": "alyawebapp.chathistory", "pk": 262, "fields": {"chat": 31, "user": 2, "content": "créer un compte particulier sur HubSpot", "is_user": true, "created_at": "2025-02-01T07:35:54.537Z"}}, {"model": "alyawebapp.chathistory", "pk": 263, "fields": {"chat": 31, "user": 2, "content": "Pour créer un contact particulier, j'ai besoin des informations suivantes :\n\n- Nom\n- Prénom\n- Email\n- Numéro de téléphone (optionnel)\n\nVeuillez fournir ces informations dans l'ordre, une par ligne.", "is_user": false, "created_at": "2025-02-01T07:35:54.888Z"}}, {"model": "alyawebapp.chathistory", "pk": 264, "fields": {"chat": 31, "user": 2, "content": "ad frk asd@wolrdpos.work", "is_user": true, "created_at": "2025-02-01T07:36:02.069Z"}}, {"model": "alyawebapp.chathistory", "pk": 265, "fields": {"chat": 31, "user": 2, "content": "Erreur lors de la création du contact HubSpot: {\"status\":\"error\",\"message\":\"The OAuth token used to make this call expired 3 hour(s) ago.\",\"correlationId\":\"1963967b-4580-4e15-bd82-4d1c10a99772\",\"category\":\"EXPIRED_AUTHENTICATION\",\"context\":{\"expire time\":[\"2025-02-01T03:47:53.122Z\"]}}", "is_user": false, "created_at": "2025-02-01T07:36:02.809Z"}}, {"model": "alyawebapp.chathistory", "pk": 266, "fields": {"chat": 31, "user": 2, "content": "créer un compte particulier sur HubSpot", "is_user": true, "created_at": "2025-02-01T07:36:28.637Z"}}, {"model": "alyawebapp.chathistory", "pk": 267, "fields": {"chat": 31, "user": 2, "content": "Pour créer un contact particulier, j'ai besoin des informations suivantes :\n\n- Nom\n- Prénom\n- Email\n- Numéro de téléphone (optionnel)\n\nVeuillez fournir ces informations dans l'ordre, une par ligne.", "is_user": false, "created_at": "2025-02-01T07:36:28.986Z"}}, {"model": "alyawebapp.chathistory", "pk": 268, "fields": {"chat": 31, "user": 2, "content": "ad frk asd@wolrdpos.work", "is_user": true, "created_at": "2025-02-01T07:36:35.396Z"}}, {"model": "alyawebapp.chathistory", "pk": 269, "fields": {"chat": 31, "user": 2, "content": "Le contact a été créé avec succès dans HubSpot ! Souhaitez-vous créer un autre contact ?", "is_user": false, "created_at": "2025-02-01T07:36:36.352Z"}}, {"model": "alyawebapp.integration", "pk": 1, "fields": {"name": "LinkedIn Recruiter", "domain": 1, "description": "Recrutement et gestion des talents", "icon_class": "fas fa-linkedin"}}, {"model": "alyawebapp.integration", "pk": 2, "fields": {"name": "Workday", "domain": 1, "description": "Gestion RH complète", "icon_class": "fas fa-calendar-alt"}}, {"model": "alyawebapp.integration", "pk": 3, "fields": {"name": "BambooHR", "domain": 1, "description": "Gestion des ressources humaines", "icon_class": "fas fa-tree"}}, {"model": "alyawebapp.integration", "pk": 4, "fields": {"name": "HubSpot Marketing", "domain": 2, "description": "Marketing automation", "icon_class": "fab fa-hubspot"}}, {"model": "alyawebapp.integration", "pk": 5, "fields": {"name": "Mailchimp", "domain": 2, "description": "Email marketing", "icon_class": "fas fa-envelope"}}, {"model": "alyawebapp.integration", "pk": 6, "fields": {"name": "Google Ads", "domain": 2, "description": "Publicité en ligne", "icon_class": "fab fa-google"}}, {"model": "alyawebapp.integration", "pk": 7, "fields": {"name": "Salesforce", "domain": 3, "description": "Plateforme CRM complète", "icon_class": "fas fa-cloud"}}, {"model": "alyawebapp.integration", "pk": 8, "fields": {"name": "HubSpot CRM", "domain": 3, "description": "Gestion de la relation client", "icon_class": "fab fa-hubspot"}}, {"model": "alyawebapp.integration", "pk": 9, "fields": {"name": "Zoho CRM", "domain": 3, "description": "Solution CRM intégrée", "icon_class": "fas fa-users-cog"}}, {"model": "alyawebapp.integration", "pk": 10, "fields": {"name": "QuickBooks", "domain": 4, "description": "Comptabilité", "icon_class": "fas fa-book"}}, {"model": "alyawebapp.integration", "pk": 11, "fields": {"name": "Xero", "domain": 4, "description": "Gestion financière", "icon_class": "fas fa-calculator"}}, {"model": "alyawebapp.integration", "pk": 12, "fields": {"name": "Stripe", "domain": 4, "description": "Paiements en ligne", "icon_class": "fas fa-credit-card"}}, {"model": "alyawebapp.integration", "pk": 13, "fields": {"name": "Google Analytics", "domain": 5, "description": "Analyse web", "icon_class": "fab fa-google"}}, {"model": "alyawebapp.integration", "pk": 14, "fields": {"name": "Mixpanel", "domain": 5, "description": "Analyse produit", "icon_class": "fas fa-chart-pie"}}, {"model": "alyawebapp.integration", "pk": 15, "fields": {"name": "Amplitude", "domain": 5, "description": "Analytics produit", "icon_class": "fas fa-wave-square"}}, {"model": "alyawebapp.integration", "pk": 16, "fields": {"name": "Zendesk", "domain": 6, "description": "Service client et support omnicanal", "icon_class": "fas fa-headset"}}, {"model": "alyawebapp.integration", "pk": 17, "fields": {"name": "Freshdesk", "domain": 6, "description": "Gestion du support client", "icon_class": "fas fa-ticket-alt"}}, {"model": "alyawebapp.integration", "pk": 18, "fields": {"name": "Intercom", "domain": 6, "description": "Messagerie et support client", "icon_class": "far fa-comment-dots"}}, {"model": "alyawebapp.integration", "pk": 19, "fields": {"name": "DocuSign", "domain": 7, "description": "Signature électronique de documents", "icon_class": "fas fa-file-signature"}}, {"model": "alyawebapp.integration", "pk": 20, "fields": {"name": "Clio", "domain": 7, "description": "Gestion de cabinet juridique", "icon_class": "fas fa-balance-scale"}}, {"model": "alyawebapp.integration", "pk": 21, "fields": {"name": "LexisNexis", "domain": 7, "description": "Base de données juridique", "icon_class": "fas fa-gavel"}}, {"model": "alyawebapp.integration", "pk": 22, "fields": {"name": "ShipStation", "domain": 8, "description": "Gestion des expéditions e-commerce", "icon_class": "fas fa-shipping-fast"}}, {"model": "alyawebapp.integration", "pk": 23, "fields": {"name": "Freightview", "domain": 8, "description": "Gestion du transport de marchandises", "icon_class": "fas fa-truck"}}, {"model": "alyawebapp.integration", "pk": 24, "fields": {"name": "Odoo", "domain": 8, "description": "Gestion des stocks et logistique", "icon_class": "fas fa-boxes"}}, {"model": "alyawebapp.integration", "pk": 25, "fields": {"name": "Jira", "domain": 9, "description": "Gestion de projet agile", "icon_class": "fab fa-jira"}}, {"model": "alyawebapp.integration", "pk": 26, "fields": {"name": "Trello", "domain": 9, "description": "Gestion de projet visuelle", "icon_class": "fab fa-trello"}}, {"model": "alyawebapp.integration", "pk": 27, "fields": {"name": "Asana", "domain": 9, "description": "Gestion de projet collaborative", "icon_class": "fas fa-tasks"}}, {"model": "alyawebapp.userintegration", "pk": 4, "fields": {"user": 2, "integration": 8, "enabled": true, "config": {"portal_id": "unknown", "timezone": "UTC", "account_type": "unknown"}, "created_at": "2025-01-29T03:15:07.185Z", "updated_at": "2025-02-01T07:36:17.200Z", "access_token": "CNSwr4TMMhIaAAEAQAAAAQIAAAAIAAAAAAAAAAAAAAAAAGAYoLW2FyCA6c8kKJekyAMyFD8UTibIrhZcQcUlNSAxNjDrA76fOlEAAABBAAAAAAAAAAAAAAAAAIAAAAAAAAAAAAAgAAAADgDgAQAAAAAAABwAAAAAcAIAAAAAAAAAAAAAAAAAAAAAAAAAAAAAAAAAAAAAAAAAADZCFPTdXX39gLDrGqev-DxJoxUXh3xgSgNuYTFSAFoAYAA", "refresh_token": "na1-2f9a-bf16-41cf-bd34-a11fc2a4a5ae", "token_expires_at": "2025-02-01T08:06:17.194Z"}}, {"model": "alyawebapp.userintegration", "pk": 5, "fields": {"user": 2, "integration": 7, "enabled": false, "config": {}, "created_at": "2025-01-29T03:16:02.562Z", "updated_at": "2025-01-29T05:35:13.627Z", "access_token": null, "refresh_token": null, "token_expires_at": null}}, {"model": "alyawebapp.userintegration", "pk": 6, "fields": {"user": 2, "integration": 9, "enabled": false, "config": {}, "created_at": "2025-01-29T03:16:04.182Z", "updated_at": "2025-01-31T03:06:56.092Z", "access_token": null, "refresh_token": null, "token_expires_at": null}}, {"model": "alyawebapp.userintegration", "pk": 7, "fields": {"user": 2, "integration": 13, "enabled": false, "config": {}, "created_at": "2025-01-29T03:34:51.375Z", "updated_at": "2025-01-29T03:34:54.353Z", "access_token": null, "refresh_token": null, "token_expires_at": null}}, {"model": "alyawebapp.userintegration", "pk": 8, "fields": {"user": 2, "integration": 25, "enabled": false, "config": {}, "created_at": "2025-01-29T03:39:03.445Z", "updated_at": "2025-01-29T03:39:04.204Z", "access_token": null, "refresh_token": null, "token_expires_at": null}}, {"model": "alyawebapp.userintegration", "pk": 9, "fields": {"user": 2, "integration": 10, "enabled": false, "config": {}, "created_at": "2025-01-29T04:58:43.819Z", "updated_at": "2025-01-29T05:29:40.130Z", "access_token": null, "refresh_token": null, "token_expires_at": null}}, {"model": "alyawebapp.userintegration", "pk": 10, "fields": {"user": 2, "integration": 23, "enabled": false, "config": {}, "created_at": "2025-01-29T05:25:31.219Z", "updated_at": "2025-01-29T05:29:24.144Z", "access_token": null, "refresh_token": null, "token_expires_at": null}}, {"model": "alyawebapp.userintegration", "pk": 11, "fields": {"user": 2, "integration": 22, "enabled": false, "config": {}, "created_at": "2025-01-29T05:25:34.409Z", "updated_at": "2025-01-29T05:32:36.232Z", "access_token": null, "refresh_token": null, "token_expires_at": null}}, {"model": "alyawebapp.userintegration", "pk": 12, "fields": {"user": 2, "integration": 24, "enabled": false, "config": {}, "created_at": "2025-01-29T05:25:35.737Z", "updated_at": "2025-01-29T05:29:24.732Z", "access_token": null, "refresh_token": null, "token_expires_at": null}}, {"model": "alyawebapp.userintegration", "pk": 13, "fields": {"user": 2, "integration": 27, "enabled": false, "config": {}, "created_at": "2025-01-29T05:25:40.691Z", "updated_at": "2025-01-29T05:29:28.014Z", "access_token": null, "refresh_token": null, "token_expires_at": null}}, {"model": "alyawebapp.userintegration", "pk": 14, "fields": {"user": 2, "integration": 1, "enabled": false, "config": {}, "created_at": "2025-01-29T05:29:15.453Z", "updated_at": "2025-01-29T05:29:19.293Z", "access_token": null, "refresh_token": null, "token_expires_at": null}}]